<?xml version="1.0" encoding="UTF-8"?> 
<java version="1.5.0" class="java.beans.XMLDecoder"> 
 <object class="javax.swing.tree.DefaultMutableTreeNode"> 
  <void property="userObject"> 
   <object class="NodeInfo"> 
    <void property="arrow"> 
     <string>root</string> 
    </void> 
    <void property="functionInstance"> 
     <string></string> 
    </void> 
    <void property="functionName"> 
     <string>main</string> 
    </void> 
    <void property="functionNumber"> 
     <string>1</string> 
    </void> 
    <void property="nodeState"> 
     <int>2</int> 
    </void> 
   </object> 
  </void> 
  <void method="add"> 
   <object class="javax.swing.tree.DefaultMutableTreeNode"> 
    <void property="userObject"> 
     <object class="NodeInfo"> 
      <void property="arrow"> 
       <string>onlyOne  [X, Y, Y]  -&gt;  true  &lt;==  (Y /= X) ,  tot(Y) </string> 
      </void> 
      <void property="entails"> 
       <object class="java.util.Vector"/> 
      </void> 
      <void property="functionInstance"> 
       <string></string> 
      </void> 
      <void property="functionName"> 
       <string>onlyOne</string> 
      </void> 
      <void property="functionNumber"> 
       <string>1</string> 
      </void> 
     </object> 
    </void> 
    <void method="add"> 
     <object class="javax.swing.tree.DefaultMutableTreeNode"> 
      <void property="userObject"> 
       <object class="NodeInfo"> 
        <void property="arrow"> 
         <string>different  [X, Y, Y]  -&gt;  1  &lt;==  (Y /= X) ,  tot(Y) </string> 
        </void> 
        <void property="entails"> 
         <object class="java.util.Vector"/> 
        </void> 
        <void property="functionInstance"> 
         <string></string> 
        </void> 
        <void property="functionName"> 
         <string>different</string> 
        </void> 
        <void property="functionNumber"> 
         <string>2</string> 
        </void> 
       </object> 
      </void> 
      <void method="add"> 
       <object class="javax.swing.tree.DefaultMutableTreeNode"> 
        <void property="userObject"> 
         <object class="NodeInfo"> 
          <void property="arrow"> 
           <string>different  [Y, Y]  -&gt;  1  &lt;==  (Y /= X) ,  tot(Y) </string> 
          </void> 
          <void property="entails"> 
           <object class="java.util.Vector"/> 
          </void> 
          <void property="functionInstance"> 
           <string></string> 
          </void> 
          <void property="functionName"> 
           <string>different</string> 
          </void> 
          <void property="functionNumber"> 
           <string>2</string> 
          </void> 
         </object> 
        </void> 
        <void method="add"> 
         <object class="javax.swing.tree.DefaultMutableTreeNode"> 
          <void property="userObject"> 
           <object class="NodeInfo"> 
            <void property="arrow"> 
             <string>different  [Y]  -&gt;  1  &lt;==  (Y /= X) ,  tot(Y) </string> 
            </void> 
            <void property="entails"> 
             <object class="java.util.Vector"/> 
            </void> 
            <void property="functionInstance"> 
             <string></string> 
            </void> 
            <void property="functionName"> 
             <string>different</string> 
            </void> 
            <void property="functionNumber"> 
             <string>2</string> 
            </void> 
           </object> 
          </void> 
          <void method="add"> 
           <object class="javax.swing.tree.DefaultMutableTreeNode"> 
            <void property="userObject"> 
             <object class="NodeInfo"> 
              <void property="arrow"> 
               <string>different  []  -&gt;  0  &lt;==  (Y /= X) ,  tot(Y) </string> 
              </void> 
              <void property="entails"> 
               <object class="java.util.Vector"/> 
              </void> 
              <void property="functionInstance"> 
               <string></string> 
              </void> 
              <void property="functionName"> 
               <string>different</string> 
              </void> 
              <void property="functionNumber"> 
               <string>1</string> 
              </void> 
             </object> 
            </void> 
           </object> 
          </void> 
          <void method="add"> 
           <object class="javax.swing.tree.DefaultMutableTreeNode"> 
            <void property="userObject"> 
             <object class="NodeInfo"> 
              <void property="arrow"> 
               <string>member Y  []  -&gt;  false  &lt;==  (Y /= X) ,  tot(Y) </string> 
              </void> 
              <void property="entails"> 
               <object class="java.util.Vector"/> 
              </void> 
              <void property="functionInstance"> 
               <string></string> 
              </void> 
              <void property="functionName"> 
               <string>member</string> 
              </void> 
              <void property="functionNumber"> 
               <string>1</string> 
              </void> 
             </object> 
            </void> 
           </object> 
          </void> 
         </object> 
        </void> 
        <void method="add"> 
         <object class="javax.swing.tree.DefaultMutableTreeNode"> 
          <void property="userObject"> 
           <object class="NodeInfo"> 
            <void property="arrow"> 
             <string>member Y  [Y]  -&gt;  true  &lt;==  (Y /= X) ,  tot(Y) </string> 
            </void> 
            <void property="entails"> 
             <object class="java.util.Vector"/> 
            </void> 
            <void property="functionInstance"> 
             <string></string> 
            </void> 
            <void property="functionName"> 
             <string>member</string> 
            </void> 
            <void property="functionNumber"> 
             <string>2</string> 
            </void> 
           </object> 
          </void> 
         </object> 
        </void> 
       </object> 
      </void> 
      <void method="add"> 
       <object class="javax.swing.tree.DefaultMutableTreeNode"> 
        <void property="userObject"> 
         <object class="NodeInfo"> 
          <void property="arrow"> 
           <string>member X  [Y, Y]  -&gt;  true  &lt;==  (Y /= X) ,  tot(Y) </string> 
          </void> 
          <void property="entails"> 
           <object class="java.util.Vector"/> 
          </void> 
          <void property="functionInstance"> 
           <string></string> 
          </void> 
          <void property="functionName"> 
           <string>member</string> 
          </void> 
          <void property="functionNumber"> 
           <string>2</string> 
          </void> 
         </object> 
        </void> 
        <void method="add"> 
         <object class="javax.swing.tree.DefaultMutableTreeNode"> 
          <void property="userObject"> 
           <object class="NodeInfo"> 
            <void property="arrow"> 
             <string>member Y  [Y]  -&gt;  true  &lt;==  (Y /= X) ,  tot(Y) </string> 
            </void> 
            <void property="entails"> 
             <object class="java.util.Vector"/> 
            </void> 
            <void property="functionInstance"> 
             <string></string> 
            </void> 
            <void property="functionName"> 
             <string>member</string> 
            </void> 
            <void property="functionNumber"> 
             <string>2</string> 
            </void> 
           </object> 
          </void> 
         </object> 
        </void> 
       </object> 
      </void> 
     </object> 
    </void> 
   </object> 
  </void> 
 </object> 
</java> 
