<?xml version="1.0" encoding="UTF-8"?> 
<java version="1.5.0" class="java.beans.XMLDecoder"> 
 <object class="javax.swing.tree.DefaultMutableTreeNode"> 
  <void property="userObject"> 
   <object class="NodeInfo"> 
    <void property="arrow"> 
     <string>root</string> 
    </void> 
    <void property="functionInstance"> 
     <string></string> 
    </void> 
    <void property="functionName"> 
     <string>main</string> 
    </void> 
    <void property="functionNumber"> 
     <string>1</string> 
    </void> 
    <void property="nodeState"> 
     <int>2</int> 
    </void> 
   </object> 
  </void> 
  <void method="add"> 
   <object class="javax.swing.tree.DefaultMutableTreeNode"> 
    <void property="userObject"> 
     <object class="NodeInfo"> 
      <void property="arrow"> 
       <string>p2  -&gt;  apila n (apila e (apila u (apila c (apila e (apila s pilaVacia)))))</string> 
      </void> 
      <void property="entails"> 
       <object class="java.util.Vector"/> 
      </void> 
      <void property="functionInstance"> 
       <string></string> 
      </void> 
      <void property="functionName"> 
       <string>p2</string> 
      </void> 
      <void property="functionNumber"> 
       <string>1</string> 
      </void> 
     </object> 
    </void> 
   </object> 
  </void> 
  <void method="add"> 
   <object class="javax.swing.tree.DefaultMutableTreeNode"> 
    <void property="userObject"> 
     <object class="NodeInfo"> 
      <void property="arrow"> 
       <string>desapila (apila n (apila e (apila u (apila c (apila e (apila s pilaVacia))))))  -&gt;  apila e (apila u (apila c (apila e (apila s pilaVacia))))</string> 
      </void> 
      <void property="entails"> 
       <object class="java.util.Vector"/> 
      </void> 
      <void property="functionInstance"> 
       <string></string> 
      </void> 
      <void property="functionName"> 
       <string>desapila</string> 
      </void> 
      <void property="functionNumber"> 
       <string>1</string> 
      </void> 
     </object> 
    </void> 
   </object> 
  </void> 
 </object> 
</java> 
