<?xml version="1.0" encoding="UTF-8"?>
<java version="1.6.0_20" class="java.beans.XMLDecoder">
 <object class="javax.swing.tree.DefaultMutableTreeNode">
  <void property="userObject">
   <object class="proofTree.NodeInfo">
    <void property="functionInstance">
     <string></string>
    </void>
    <void property="functionName">
     <string>main</string>
    </void>
    <void property="functionNumber">
     <string>1</string>
    </void>
    <void property="nodeState">
     <int>2</int>
    </void>
   </object>
  </void>
  <void method="add">
   <object class="javax.swing.tree.DefaultMutableTreeNode">
    <void property="userObject">
     <object class="proofTree.NodeInfo">
      <void property="basicFact">
       <object class="terms.BasicFact">
        <void property="lhs">
         <object class="terms.Functor">
          <void property="id">
           <string>coin</string>
          </void>
         </object>
        </void>
        <void property="rhs">
         <object class="terms.ToyInt">
          <void property="s">
           <string>0</string>
          </void>
         </object>
        </void>
       </object>
      </void>
      <void property="entails">
       <object class="java.util.Vector"/>
      </void>
      <void property="functionInstance">
       <string></string>
      </void>
      <void property="functionName">
       <string>coin</string>
      </void>
      <void property="functionNumber">
       <string>1</string>
      </void>
     </object>
    </void>
   </object>
  </void>
  <void method="add">
   <object class="javax.swing.tree.DefaultMutableTreeNode">
    <void property="userObject">
     <object class="proofTree.NodeInfo">
      <void property="basicFact">
       <object class="terms.BasicFact">
        <void property="lhs">
         <object class="terms.Application">
          <void property="args">
           <object class="java.util.Vector">
            <void method="add">
             <object class="terms.ToyInt">
              <void property="s">
               <string>0</string>
              </void>
             </object>
            </void>
           </object>
          </void>
          <void property="e">
           <object class="terms.Functor">
            <void property="id">
             <string>dup</string>
            </void>
           </object>
          </void>
         </object>
        </void>
        <void property="rhs">
         <object class="terms.Tuple">
          <void property="v">
           <object class="java.util.Vector">
            <void method="add">
             <object class="terms.ToyInt">
              <void property="s">
               <string>0</string>
              </void>
             </object>
            </void>
            <void method="add">
             <object class="terms.ToyInt">
              <void property="s">
               <string>0</string>
              </void>
             </object>
            </void>
           </object>
          </void>
         </object>
        </void>
       </object>
      </void>
      <void property="entails">
       <object class="java.util.Vector"/>
      </void>
      <void property="functionInstance">
       <string></string>
      </void>
      <void property="functionName">
       <string>dup</string>
      </void>
      <void property="functionNumber">
       <string>1</string>
      </void>
     </object>
    </void>
   </object>
  </void>
 </object>
</java>
